url,username,password,totp,extra,name,grouping,fav
https://accounts.google.com/v3/signin/identifier?dsh=S1761675794%3A1679094665146213&continue=https%3A%2F%2Fwww.google.com%2F&ec=GAZAmgQ&flowEntry=ServiceLogin&flowName=GlifWebSignIn&hl=en&ifkv=AWnogHfC0vko8JckRSKY9gslv6_YepaHPnHpl7d6UcWfvI6cTy2rsTiPDvt6tnZoqVpObjpIRde9&passive=true,theprogamersno1@gmail.com,b66MdaJPczZKxBK,,,Google,proxy,0
https://inside.lsacbucuresti.ro/login,vladco2003@gmail.com,greudeschimbat@local$:9,,,lsacbucuresti,lsac,0
https://login.upb.ro/auth/realms/UPB/protocol/openid-connect/auth?client_id=curs.upb.ro-2022&response_type=code&redirect_uri=https%3A%2F%2Fcurs.upb.ro%2F2022%2Fadmin%2Foauth2callback.php&state=%2Fauth%2Foauth2%2Flogin.php%3Fwantsurl%3Dhttps%253A%252F%252Fcurs.upb.ro%252F2022%252Fpluginfile.php%252F477130%252Fmod_resource%252Fcontent%252F2%252FExercitii%2525201%252520-%252520preliminarii%252520%252528numere%252520complexe%25252C%252520functii%252520complexe%252529.pdf%26sesskey%3DSwLdWC0bee%26id%3D1&scope=openid%20profile%20email,vconstantinescu2109,VladMihalache12!,,,moodle UPB,poli,0
https://vmware.pub.ro/,vconstantinescu2109@stud.acs.upb.ro,VladMihalache12!,,,VMware UPB,poli,0
https://hack.lsacbucuresti.ro/register,samsep10l@roots,greudeschimbat@local$:9,,,hack.lsacbucuresti,lsac,0
https://targ.lsacbucuresti.ro/login,vladco2003@gmail.com,greudeschimbat@local$:9,,,targ.lsacbucuresti ,lsac,0
https://treasurehunt.lsacbucuresti.ro/login,vladco2003@gmail.com,TreasureHunt2022!,,,treasurehunt.lsacbucuresti,lsac,0
https://studenti.pub.ro/index.php,5.03E+12,VladMihalache12!,,,studenti UPB,poli,0
https://www.linkedin.com,vconstantinescu@protonmail.com,7&f@zPuhDQYa5OHQ,,,linkedin,business,0
https://www.facebook.com/login.php?next=https%3A%2F%2Fwww.facebook.com%2Fsettings%2F%3Ftab%3Dprofile,social.media.pkgse@dralias.com,cA&&5VW3E7u8eHoi,,,facebook,social,0
https://accounts.snapchat.com/accounts/v2/password?ai=dHVybmVyX3R1YmU%3D&continue=%2Faccounts%2Fwelcome,turner_tube,bS%07Hhc3@@E!4#Y3a,,,snapchat,social,0
https://login.microsoftonline.com/,vconstantinescu2109@stud.acs.upb.ro,Cuj64011,,,microsoft UPB,poli,0
https://admiteresim.pub.ro,vladco2003@gmail.com,QbuworQ8*%qu8&h*,,,simulare UPB,poli,0
https://my.firstinspires.org,vconstantinescu@protonmail.com,Tdf^CT%2aFBs4sxp,,,firstinspires.org,robotica,0
https://www.disneyplus.com/en-gb/login,cristyan_dinca@yahoo.com,cristy2207,,,disneyplus,proxy,0
https://play.hbomax.com/player/urn:hbo:episode:GXdXkeAM5MsPCwwEAABnx/undefined?exitPageUrn=%2Fpage%2Furn:hbo:series:GXdRsewUPO5uAuwEAABEI,cristian.dinca@nordicimpex.ro,acnid1978,,,hbomax,proxy,0
https://www.overleaf.com,phony.60w8w@dralias.com,O!cTy7P5wBgP!V62,,,overleaf,business,0
https://id.sonyentertainmentnetwork.com,vladco2003@gmail.com,rR2OG$6RzhSk@BgtYf,,,PSN,social,0
https://my.account.sony.com/central/signin/?duid=00000007000901009bd7ced28d86738c405a2660795070299fb3d64fb4e809e2e6bcfa4bdd8343ab&response_type=code&client_id=e4a62faf-4b87-4fea-8565-caaabb3ac918&scope=web%3Acore&access_type=offline&state=7154a808dcdf9b2c4c8be617f79b565c7efc58b9be807d91102999f8e148c558&service_entity=urn%3Aservice-entity%3Apsn&ui=pr&smcid=web-store%3Aen-RO%3Aunknown-page%3Apage%3Alink&redirect_uri=https%3A%2F%2Fweb.np.playstation.com%2Fapi%2Fsession%2Fv1%2Fsession%3Fredirect_uri%3Dhttps%253A%252F%252Fstore.playstation.com%252Fen-ro%252Fpages%252Flatest%253FtransactAction%253DviewTransactionHistory%2526cartAction%253Dview%2526cartAction%253Dview%2526transactAction%253DviewTransactionHistory%26x-psn-app-ver%3D%2540sie-ppr-web-session%252Fsession%252Fv5.27.1&auth_ver=v3&error=login_required&error_code=4165&error_description=User+is+not+authenticated&no_captcha=false&cid=2db4321f-ee51-44fb-aebe-63ff506c45bd,vladco2003@gmail.com,rR2OG$6RzhSk@BgtYf,,,sony,social,0
https://www.twitch.tv,TunarTuib,W9@5gJa87BZT^ub&,,,twitch,social,0
https://login.oracle.com/mysso/signon.jsp,OA272410617,Cuj64011,,,oracle,oracle (expired),0
https://iacademy.oracle.com/ords/f?p=4550:1:4974039472101:::::,RO_C713_SQL_S06,Cuj64011,,,oracle iacademy,oracle (expired),0
https://account.live.com,vladco2003,2^%n6B%9BHKr4bwn,,,microsoft,proxy,0
https://www.reddit.com/login/?dest=https%3A%2F%2Fwww.reddit.com%2F,Costewoosh,OfU%!*510IOUHCFh21,,,reddit,social,0
http://www.filmeserialeonline.org/wp-login.php?action=login,Vcube,BB3iPGoCFhoQFwlewJCIvpTM,,,filmeserialeonline,proxy,0
http://discordapp.com,social.media.pkgse@dralias.com,hard2find@dtr4life,,,discord,social,0
https://www.pbinfo.ro/,phony.60w8w@dralias.com,jp3MMu9gxjdBecRh,,,pbinfo,programare,0
https://github.com/costaalacuparmare/MyPoliCV/blob/main/Brave%20Passwords.csv,costaalacuparmare,greudegasit@dtr4life,,,github,business,0
https://account.proton.me/signup,vconstantinescu@protonmail.com,bartolomeu@me19,,,proton vcon,business,0
https://account.proton.me/signup,baloogoesshopping@protonmail.com,bearsnecessity8ants,,,proton baloo,proxy,0
https://store.steampowered.com//login/,xcooler600,Steamme@destiny2,,,steam,gaming,0
https://connect.ubisoft.com/login?lang=en-US&appId=314d4fef-e568-454a-ae06-43e3bece12a6&genomeId=85c31714-0941-4876-a18d-2c7e9dce8d40&nextUrl=https%3A%2F%2Fubisoftconnect.com%2Fstatic%2FloggedIn%3Fenv%3DPROD,vladco2003@gmail.com,ubi4dawin@ACII,,,ubisoft,gaming,0
https://vmchecker.cs.pub.ro/ui/,vconstantinescu2109,VladMihalache12!,,,vmchecker upb,poli,0
https://account.swtor.com/user/login?destination=user%2Faccount,Turner_T,Revan4eva@KOTOR,,,swtor / swkotor,gaming,0
http://quizup.com,vladco2003@gmail.com,diti2003,,,Quiz Up,gaming,0
https://teams.natieprineducatie.ro/Users/login/,RO_053,12345678,,,natieprineducatie.ro,robotica,0
https://www.minecraftskins.com/settings/account/,TurnerT,QgY1aDAE5!V$id5@@s,,,minecraftskins,gaming,0
https://bilete.cfrcalatori.ro/ro-RO/Account/Login,social.media.pkgse@dralias.com,Z80cREz6OiOv52ggkv,,,cfr,business,0
https://account.riotgames.com,TunarTiub,lolvayne@bot4eva,,,riot games,gaming,0
https://www.epicgames.com/id/login,vladco2003@gmail.com,epicnotnx@GTA5,,,epic games,gaming,0
http://sn,,,,FD2B12D0-6BEB-4B37-ADF0-C73F891CCA07,gmetrix key,poli,0
,vconstantinescu@protonmail.com,sss20@seehowitgoes!,sss20@seehowitgoes!,,,,
